<environmentvariabledefinition schemaname="democop_PIODocumentRequest">
  <apiid>/providers/microsoft.powerapps/apis/shared_sharepointonline</apiid>
  <displayname default="VTEOC-PIODocumentRequest">
    <label description="VTEOC-PIODocumentRequest" languagecode="1033" />
  </displayname>
  <introducedversion>1.2.0.12</introducedversion>
  <iscustomizable>1</iscustomizable>
  <isrequired>0</isrequired>
  <parameterkey>table</parameterkey>
  <parentdefinitionid>
    <schemaname>new_TEOCDEMOSharepointSite</schemaname>
  </parentdefinitionid>
  <secretstore>0</secretstore>
  <type>100000004</type>
</environmentvariabledefinition>