<environmentvariabledefinition schemaname="new_TEOCDEMOSharepointSite">
  <apiid>/providers/microsoft.powerapps/apis/shared_sharepointonline</apiid>
  <displayname default="VTEOC-SharepointSite">
    <label description="VTEOC-SharepointSite" languagecode="1033" />
  </displayname>
  <introducedversion>1.1.0.24</introducedversion>
  <iscustomizable>1</iscustomizable>
  <isrequired>0</isrequired>
  <parameterkey>dataset</parameterkey>
  <secretstore>0</secretstore>
  <type>100000004</type>
</environmentvariabledefinition>