<ImportExportXml version="9.2.23092.212" SolutionPackageVersion="9.2" languagecode="1033" generatedBy="CrmLive" xmlns:xsi="http://www.w3.org/2001/XMLSchema-instance">
  <SolutionManifest>
    <UniqueName>DEMOCOPSTEOC</UniqueName>
    <LocalizedNames>
      <LocalizedName description="VTEOC" languagecode="1033" />
    </LocalizedNames>
    <Descriptions>
      <Description description="VTEOC now without SharePoint lists! " languagecode="1033" />
    </Descriptions>
    <Version>1.2.0.60</Version>
    <Managed>0</Managed>
    <Publisher>
      <UniqueName>DEMOCOPSTEOC</UniqueName>
      <LocalizedNames>
        <LocalizedName description="DEMOCOPSTEOC" languagecode="1033" />
      </LocalizedNames>
      <Descriptions />
      <EMailAddress xsi:nil="true"></EMailAddress>
      <SupportingWebsiteUrl xsi:nil="true"></SupportingWebsiteUrl>
      <CustomizationPrefix>democop</CustomizationPrefix>
      <CustomizationOptionValuePrefix>56191</CustomizationOptionValuePrefix>
      <Addresses>
        <Address>
          <AddressNumber>1</AddressNumber>
          <AddressTypeCode>1</AddressTypeCode>
          <City xsi:nil="true"></City>
          <County xsi:nil="true"></County>
          <Country xsi:nil="true"></Country>
          <Fax xsi:nil="true"></Fax>
          <FreightTermsCode xsi:nil="true"></FreightTermsCode>
          <ImportSequenceNumber xsi:nil="true"></ImportSequenceNumber>
          <Latitude xsi:nil="true"></Latitude>
          <Line1 xsi:nil="true"></Line1>
          <Line2 xsi:nil="true"></Line2>
          <Line3 xsi:nil="true"></Line3>
          <Longitude xsi:nil="true"></Longitude>
          <Name xsi:nil="true"></Name>
          <PostalCode xsi:nil="true"></PostalCode>
          <PostOfficeBox xsi:nil="true"></PostOfficeBox>
          <PrimaryContactName xsi:nil="true"></PrimaryContactName>
          <ShippingMethodCode>1</ShippingMethodCode>
          <StateOrProvince xsi:nil="true"></StateOrProvince>
          <Telephone1 xsi:nil="true"></Telephone1>
          <Telephone2 xsi:nil="true"></Telephone2>
          <Telephone3 xsi:nil="true"></Telephone3>
          <TimeZoneRuleVersionNumber xsi:nil="true"></TimeZoneRuleVersionNumber>
          <UPSZone xsi:nil="true"></UPSZone>
          <UTCOffset xsi:nil="true"></UTCOffset>
          <UTCConversionTimeZoneCode xsi:nil="true"></UTCConversionTimeZoneCode>
        </Address>
        <Address>
          <AddressNumber>2</AddressNumber>
          <AddressTypeCode>1</AddressTypeCode>
          <City xsi:nil="true"></City>
          <County xsi:nil="true"></County>
          <Country xsi:nil="true"></Country>
          <Fax xsi:nil="true"></Fax>
          <FreightTermsCode xsi:nil="true"></FreightTermsCode>
          <ImportSequenceNumber xsi:nil="true"></ImportSequenceNumber>
          <Latitude xsi:nil="true"></Latitude>
          <Line1 xsi:nil="true"></Line1>
          <Line2 xsi:nil="true"></Line2>
          <Line3 xsi:nil="true"></Line3>
          <Longitude xsi:nil="true"></Longitude>
          <Name xsi:nil="true"></Name>
          <PostalCode xsi:nil="true"></PostalCode>
          <PostOfficeBox xsi:nil="true"></PostOfficeBox>
          <PrimaryContactName xsi:nil="true"></PrimaryContactName>
          <ShippingMethodCode>1</ShippingMethodCode>
          <StateOrProvince xsi:nil="true"></StateOrProvince>
          <Telephone1 xsi:nil="true"></Telephone1>
          <Telephone2 xsi:nil="true"></Telephone2>
          <Telephone3 xsi:nil="true"></Telephone3>
          <TimeZoneRuleVersionNumber xsi:nil="true"></TimeZoneRuleVersionNumber>
          <UPSZone xsi:nil="true"></UPSZone>
          <UTCOffset xsi:nil="true"></UTCOffset>
          <UTCConversionTimeZoneCode xsi:nil="true"></UTCConversionTimeZoneCode>
        </Address>
      </Addresses>
    </Publisher>
    <RootComponents>
      <RootComponent type="1" schemaName="crb97_counties_2" behavior="0" />
      <RootComponent type="1" schemaName="crb97_devcopycontactinfolisthometeam_2" behavior="0" />
      <RootComponent type="1" schemaName="crb97_erggroups_2" behavior="0" />
      <RootComponent type="1" schemaName="crb97_eventscheduling_2" behavior="0" />
      <RootComponent type="1" schemaName="crb97_incidentteams_2" behavior="0" />
      <RootComponent type="1" schemaName="crb97_incidenttypes_2" behavior="0" />
      <RootComponent type="1" schemaName="crb97_piodocumentrequests_2" behavior="0" />
      <RootComponent type="1" schemaName="crb97_pioteam_2" behavior="0" />
      <RootComponent type="1" schemaName="crb97_staffingliststd" behavior="0" />
      <RootComponent type="1" schemaName="crb97_statelist_2" behavior="0" />
      <RootComponent type="1" schemaName="crb97_teamhierarchy_2" behavior="0" />
      <RootComponent type="1" schemaName="crb97_teocassets" behavior="0" />
      <RootComponent type="1" schemaName="crb97_teocconfig" behavior="0" />
      <RootComponent type="1" schemaName="crb97_teocincidentstatus_2" behavior="0" />
      <RootComponent type="1" schemaName="crb97_teocincidenttransaction_3" behavior="0" />
      <RootComponent type="1" schemaName="crb97_teocincidenttypedefaultroles" behavior="0" />
      <RootComponent type="1" schemaName="crb97_teocincidenttype_2" behavior="0" />
      <RootComponent type="1" schemaName="crb97_teocroleassignments_2" behavior="0" />
      <RootComponent type="1" schemaName="crb97_teocroledefaultvalues" behavior="0" />
      <RootComponent type="1" schemaName="crb97_teocuserroles" behavior="0" />
      <RootComponent type="1" schemaName="democop_bulkusers" behavior="0" />
      <RootComponent type="29" id="{06d30784-4c77-ee11-8179-000d3a4ee67c}" behavior="0" />
      <RootComponent type="29" id="{1c3f989c-600c-ee11-8f6e-000d3a1c0c13}" behavior="0" />
      <RootComponent type="29" id="{225a5b3b-d33a-ee11-bdf4-000d3a4e8b12}" behavior="0" />
      <RootComponent type="29" id="{3310545c-5973-ee11-9ae7-000d3a4ee67c}" behavior="0" />
      <RootComponent type="29" id="{37a1fe71-600c-ee11-8f6e-000d3a1c0c13}" behavior="0" />
      <RootComponent type="29" id="{385182dc-c33a-ee11-bdf4-000d3a4e8b12}" behavior="0" />
      <RootComponent type="29" id="{3ab7cae9-600c-ee11-8f6e-000d3a190120}" behavior="0" />
      <RootComponent type="29" id="{4e638527-610c-ee11-8f6e-000d3a1c0c13}" behavior="0" />
      <RootComponent type="29" id="{50736ab0-bf69-ee11-9ae7-000d3a1f63e3}" behavior="0" />
      <RootComponent type="29" id="{55f2973d-ca74-ee11-9ae7-000d3a4ee67c}" behavior="0" />
      <RootComponent type="29" id="{5755ec83-600c-ee11-8f6e-000d3a1c0c13}" behavior="0" />
      <RootComponent type="29" id="{73606d65-1d6c-ee11-8df0-000d3a4e8b12}" behavior="0" />
      <RootComponent type="29" id="{75f30343-f432-ee11-bdf3-0022482a439d}" behavior="0" />
      <RootComponent type="29" id="{7c0fc3af-600c-ee11-8f6e-000d3a1c0c13}" behavior="0" />
      <RootComponent type="29" id="{7cce2b13-846e-ee11-8df0-000d3a4ee67c}" behavior="0" />
      <RootComponent type="29" id="{85352332-4538-ee11-bdf4-000d3a4e8b12}" behavior="0" />
      <RootComponent type="29" id="{8ab16c4f-c93a-ee11-bdf4-000d3a4e8b12}" behavior="0" />
      <RootComponent type="29" id="{8ab42701-ca74-ee11-9ae7-000d3a4ee67c}" behavior="0" />
      <RootComponent type="29" id="{8bb42701-ca74-ee11-9ae7-000d3a4ee67c}" behavior="0" />
      <RootComponent type="29" id="{900ca5cd-600c-ee11-8f6e-000d3a190120}" behavior="0" />
      <RootComponent type="29" id="{9ebdc1b6-600c-ee11-8f6e-000d3a1c0c13}" behavior="0" />
      <RootComponent type="29" id="{a5560b35-610c-ee11-8f6e-000d3a1c0c13}" behavior="0" />
      <RootComponent type="29" id="{af55f589-600c-ee11-8f6e-000d3a1c0c13}" behavior="0" />
      <RootComponent type="29" id="{c6ddfbb0-846e-ee11-8df0-000d3a4ee67c}" behavior="0" />
      <RootComponent type="29" id="{c7064347-cc74-ee11-9ae7-000d3a4ee67c}" behavior="0" />
      <RootComponent type="29" id="{cfe4a2e2-f5e5-ed11-a7c7-000d3a190120}" behavior="0" />
      <RootComponent type="29" id="{d799185a-600c-ee11-8f6e-000d3a1c0c13}" behavior="0" />
      <RootComponent type="29" id="{d94f066c-600c-ee11-8f6e-000d3a1c0c13}" behavior="0" />
      <RootComponent type="29" id="{df8588a3-600c-ee11-8f6e-000d3a1c0c13}" behavior="0" />
      <RootComponent type="29" id="{e304f47d-600c-ee11-8f6e-000d3a1c0c13}" behavior="0" />
      <RootComponent type="29" id="{e5960262-600c-ee11-8f6e-000d3a190120}" behavior="0" />
      <RootComponent type="29" id="{e772bc40-b73a-ee11-bdf4-000d3a4e8b12}" behavior="0" />
      <RootComponent type="29" id="{eebad5c5-5477-ee11-8179-000d3a4ee67c}" behavior="0" />
      <RootComponent type="29" id="{f5c85ae2-600c-ee11-8f6e-000d3a1c0c13}" behavior="0" />
      <RootComponent type="29" id="{ff4000aa-2356-ee11-be6f-0022482a439d}" behavior="0" />
      <RootComponent type="300" schemaName="cr85b_demoeventscheduling_f40ed" behavior="0" />
      <RootComponent type="300" schemaName="cr85b_demoincidentupdate_626a8" behavior="0" />
      <RootComponent type="300" schemaName="cr85b_demopiodocumentapproval_8ebd4" behavior="0" />
      <RootComponent type="300" schemaName="democop_createteam_f0616" behavior="0" />
    </RootComponents>
    <MissingDependencies>
      <MissingDependency>
        <Required type="1" schemaName="aaduser" displayName="AAD User" solution="MetadataExtension (1.0.2.72)" />
        <Dependent type="10" schemaName="crb97_crb97_eventscheduling_2_AddRequiredAttend" displayName="crb97_crb97_eventscheduling_2_AddRequiredAttend" parentSchemaName="aaduser" parentDisplayName="AAD User" />
      </MissingDependency>
      <MissingDependency>
        <Required type="1" schemaName="aaduser" displayName="AAD User" solution="MetadataExtension (1.0.2.72)" />
        <Dependent type="300" schemaName="cr85b_demoeventscheduling_f40ed" displayName="VTEOC - Event Scheduling" />
      </MissingDependency>
      <MissingDependency>
        <Required type="2" schemaName="aaduserid" displayName="AAD user id" parentSchemaName="aaduser" parentDisplayName="AAD User" solution="MetadataExtension (1.0.2.72)" />
        <Dependent type="10" schemaName="crb97_crb97_eventscheduling_2_AddRequiredAttend" displayName="crb97_crb97_eventscheduling_2_AddRequiredAttend" parentSchemaName="aaduser" parentDisplayName="AAD User" />
      </MissingDependency>
      <MissingDependency>
        <Required type="2" schemaName="displayname" displayName="Display Name" parentSchemaName="aaduser" parentDisplayName="AAD User" solution="MetadataExtension (1.0.2.72)" />
        <Dependent type="10" schemaName="crb97_crb97_eventscheduling_2_AddRequiredAttend" displayName="crb97_crb97_eventscheduling_2_AddRequiredAttend" parentSchemaName="aaduser" parentDisplayName="AAD User" />
      </MissingDependency>
    </MissingDependencies>
  </SolutionManifest>
</ImportExportXml>