{
  "properties": {
    "connectionReferences": {
      "shared_office365groups": {
        "runtimeSource": "invoker",
        "connection": {
          "connectionReferenceLogicalName": "new_sharedoffice365groups_ecfa3"
        },
        "api": {
          "name": "shared_office365groups"
        }
      }
    },
    "definition": {
      "$schema": "https://schema.management.azure.com/providers/Microsoft.Logic/schemas/2016-06-01/workflowdefinition.json#",
      "contentVersion": "1.0.0.0",
      "parameters": {
        "$connections": {
          "defaultValue": {},
          "type": "Object"
        },
        "$authentication": {
          "defaultValue": {},
          "type": "SecureObject"
        }
      },
      "triggers": {
        "manual": {
          "metadata": {
            "operationMetadataId": "97deb38a-9af2-437b-9e86-e9ebd3a05343"
          },
          "type": "Request",
          "kind": "PowerAppV2",
          "inputs": {
            "schema": {
              "type": "object",
              "properties": {
                "text": {
                  "title": "GroupID",
                  "type": "string",
                  "x-ms-dynamically-added": true,
                  "description": "Please enter your input",
                  "x-ms-content-hint": "TEXT"
                },
                "text_1": {
                  "title": "CalendarID",
                  "type": "string",
                  "x-ms-dynamically-added": true,
                  "description": "Please enter your input",
                  "x-ms-content-hint": "TEXT"
                },
                "text_2": {
                  "title": "User Email",
                  "type": "string",
                  "x-ms-dynamically-added": true,
                  "description": "Please enter your input",
                  "x-ms-content-hint": "TEXT"
                },
                "text_3": {
                  "title": "Team Name",
                  "type": "string",
                  "x-ms-dynamically-added": true,
                  "description": "Please enter your input",
                  "x-ms-content-hint": "TEXT"
                },
                "text_4": {
                  "title": "User Name",
                  "type": "string",
                  "x-ms-dynamically-added": true,
                  "description": "Please enter your input",
                  "x-ms-content-hint": "TEXT"
                }
              },
              "required": [
                "text",
                "text_1",
                "text_2",
                "text_3",
                "text_4"
              ]
            }
          }
        }
      },
      "actions": {
        "Send_an_HTTP_request_V2": {
          "runAfter": {
            "Compose": [
              "Succeeded"
            ]
          },
          "metadata": {
            "operationMetadataId": "39d260df-1cc3-47cd-b2d8-1a05720712a4"
          },
          "type": "OpenApiConnection",
          "inputs": {
            "host": {
              "connectionName": "shared_office365groups",
              "operationId": "HttpRequestV2",
              "apiId": "/providers/Microsoft.PowerApps/apis/shared_office365groups"
            },
            "parameters": {
              "Uri": "https://graph.microsoft.com/v1.0/groups/@{triggerBody()['text']}/events/@{triggerBody()['text_1']}",
              "Method": "PATCH",
              "Body": "{ \n\"Attendees\": @{outputs('Compose')},\n    \"isOnlineMeeting\": true,\n    \"onlineMeetingProvider\": \"teamsForBusiness\"\n}",
              "ContentType": "application/json"
            },
            "authentication": "@parameters('$authentication')"
          }
        },
        "Compose": {
          "runAfter": {},
          "metadata": {
            "operationMetadataId": "141402de-829b-4f41-8755-12d756fa7d7f"
          },
          "type": "Compose",
          "inputs": [
            {
              "type": "required",
              "emailAddress": {
                "address": "@{triggerBody()['text_2']}"
              }
            }
          ]
        }
      }
    },
    "templateName": ""
  },
  "schemaVersion": "1.0.0.0"
}