{
  "properties": {
    "connectionReferences": {
      "shared_office365groups": {
        "runtimeSource": "invoker",
        "connection": {
          "connectionReferenceLogicalName": "new_sharedoffice365groups_ff4f1"
        },
        "api": {
          "name": "shared_office365groups"
        }
      }
    },
    "definition": {
      "$schema": "https://schema.management.azure.com/providers/Microsoft.Logic/schemas/2016-06-01/workflowdefinition.json#",
      "contentVersion": "1.0.0.0",
      "parameters": {
        "$connections": {
          "defaultValue": {},
          "type": "Object"
        },
        "$authentication": {
          "defaultValue": {},
          "type": "SecureObject"
        }
      },
      "triggers": {
        "manual": {
          "metadata": {
            "operationMetadataId": "65ee5adb-1956-4e3f-aaad-e95fa45c03a7"
          },
          "type": "Request",
          "kind": "PowerApp",
          "inputs": {
            "schema": {
              "type": "object",
              "properties": {
                "SendanHTTPrequestV2_URI": {
                  "type": "string",
                  "description": "The full or relative URI. Example: https://graph.microsoft.com/{version}/{resource}.. This parameter is used as part of \"734EE8C7-B64B-4059-9AAD-9CAC3C6AABBF\"",
                  "x-ms-powerflows-param-ispartial": true
                },
                "SendanHTTPrequestV2_URI_1": {
                  "type": "string"
                },
                "SendanHTTPrequestV2_Body": {
                  "type": "string",
                  "format": "binary",
                  "description": "The request body content.. This parameter is used as part of \"1166E319-2AA9-4C40-88D6-EAD9F692F306\"",
                  "x-ms-powerflows-param-ispartial": true
                },
                "SendanHTTPrequestV2_Body_1": {
                  "type": "string"
                },
                "SendanHTTPrequestV2_Body_2": {
                  "type": "string"
                },
                "SendanHTTPrequestV2_Body_3": {
                  "type": "string"
                },
                "SendanHTTPrequestV2_Body_4": {
                  "type": "string"
                }
              },
              "required": [
                "SendanHTTPrequestV2_URI",
                "SendanHTTPrequestV2_URI_1",
                "SendanHTTPrequestV2_Body",
                "SendanHTTPrequestV2_Body_1",
                "SendanHTTPrequestV2_Body_2",
                "SendanHTTPrequestV2_Body_3",
                "SendanHTTPrequestV2_Body_4"
              ]
            }
          }
        }
      },
      "actions": {
        "Send_an_HTTP_request_V2": {
          "runAfter": {
            "Delay": [
              "Succeeded"
            ]
          },
          "metadata": {
            "operationMetadataId": "77150ab2-afb6-4be2-8703-03de3717c850"
          },
          "type": "OpenApiConnection",
          "inputs": {
            "host": {
              "connectionName": "shared_office365groups",
              "operationId": "HttpRequestV2",
              "apiId": "/providers/Microsoft.PowerApps/apis/shared_office365groups"
            },
            "parameters": {
              "Uri": "https://graph.microsoft.com/v1.0/groups/@{triggerBody()['SendanHTTPrequestV2_URI']}/events/@{triggerBody()['SendanHTTPrequestV2_URI_1']}",
              "Method": "PATCH",
              "Body": "{\"recurrence\": {\n    \"pattern\": {\n      \"type\": \"absoluteMonthly\",      \n      \"dayOfMonth\":\"@{triggerBody()['SendanHTTPrequestV2_Body_1']}\",\n      \"interval\": @{triggerBody()['SendanHTTPrequestV2_Body']} \n\n    },\n    \"range\": {\n      \"type\": \"endDate\",\n      \"startDate\": \"@{triggerBody()['SendanHTTPrequestV2_Body_3']}\",\n      \"endDate\": \"@{triggerBody()['SendanHTTPrequestV2_Body_4']}\",\n       \"recurrenceTimeZone\": \"Eastern Standard Time\",\n        \"numberOfOccurrences\": 0\n    }\n  }}",
              "ContentType": "application/json"
            },
            "authentication": {
              "type": "Raw",
              "value": "@json(decodeBase64(triggerOutputs().headers['X-MS-APIM-Tokens']))['$ConnectionKey']"
            }
          }
        },
        "Delay": {
          "runAfter": {},
          "metadata": {
            "operationMetadataId": "14f796c2-6798-4e47-b96f-95239cf63fba"
          },
          "type": "Wait",
          "inputs": {
            "interval": {
              "count": 10,
              "unit": "Second"
            }
          }
        }
      }
    },
    "templateName": ""
  },
  "schemaVersion": "1.0.0.0"
}