<environmentvariabledefinition schemaname="new_statusCheckPIO">
  <defaultvalue>https://teams.microsoft.com/l/entity/a6b63365-31a4-4f43-92ec-710b71557af9/_djb2_msteams_prefix_2939165221?context=%7B%22subEntityId%22%3Anull%2C%22channelId%22%3A%2219%3Aa4047d5c504b4d03803b4113f22c70fc%40thread.tacv2%22%7D&amp;groupId=e25c570b-f6f6-4a66-929e-277ba3cbb2ad&amp;tenantId=06901596-5550-425c-abe0-3240ed6ec7ae&amp;allowXTenantAccess=false</defaultvalue>
  <displayname default="VTEOC-statusCheckPIO">
    <label description="VTEOC-statusCheckPIO" languagecode="1033" />
  </displayname>
  <introducedversion>1.0.0.2</introducedversion>
  <iscustomizable>1</iscustomizable>
  <isrequired>0</isrequired>
  <secretstore>0</secretstore>
  <type>100000000</type>
</environmentvariabledefinition>